Original,Corregido
Articulos varios y materiales,Artículos varios y materiales
Fabricaci n de productos,Fabricación de productos
Fabricaci.n de productos,Fabricación de productos
Fabricaci0n de productos,Fabricación de productos
Fabricaci1n de productos,Fabricación de productos
Fabricaci2n de productos,Fabricación de productos
Fabricaci3n de productos,Fabricación de productos
Fabricaci4n de productos,Fabricación de productos
Fabricaci5n de productos,Fabricación de productos
Fabricaci6n de productos,Fabricación de productos
Fabricaci7n de productos,Fabricación de productos
Fabricaci9n de productos,Fabricación de productos
FabricaciAn de productos,Fabricación de productos
FabricaciBn de productos,Fabricación de productos
Fabricacicn de productos,Fabricación de productos
FabricaciDn de productos,Fabricación de productos
FabricaciEn de productos,Fabricación de productos
FabricaciHn de productos,Fabricación de productos
FabricaciIn de productos,Fabricación de productos
FabricaciJn de productos,Fabricación de productos
FabricaciLn de productos,Fabricación de productos
FabricaciMn de productos,Fabricación de productos
FabricaciNn de productos,Fabricación de productos
FabricaciOn de productos,Fabricación de productos
FabricaciRn de productos,Fabricación de productos
FabricaciSn de productos,Fabricación de productos
FabricaciTn de productos,Fabricación de productos
FabricaciUn de productos,Fabricación de productos
FabricaciVn de productos,Fabricación de productos
Servicios agricolas,Servicios agrícolas
Servicios t cnicos,Servicios técnicos
Servicios t.cnicos,Servicios técnicos
Servicios t0cnicos,Servicios técnicos
Servicios t1cnicos,Servicios técnicos
Servicios t2cnicos,Servicios técnicos
Servicios t3cnicos,Servicios técnicos
Servicios t4cnicos,Servicios técnicos
Servicios t5cnicos,Servicios técnicos
Servicios t6cnicos,Servicios técnicos
Servicios t7cnicos,Servicios técnicos
Servicios t8cnicos,Servicios técnicos
Servicios t9cnicos,Servicios técnicos
Servicios tAcnicos,Servicios técnicos
Servicios tDcnicos,Servicios técnicos
Servicios tEcnicos,Servicios técnicos
Servicios tFcnicos,Servicios técnicos
Servicios tGcnicos,Servicios técnicos
Servicios tIcnicos,Servicios técnicos
Servicios tLcnicos,Servicios técnicos
Servicios tNcnicos,Servicios técnicos
Servicios tOcnicos,Servicios técnicos
Servicios tPcnicos,Servicios técnicos
Servicios tQcnicos,Servicios técnicos
Servicios tRcnicos,Servicios técnicos
Servicios tScnicos,Servicios técnicos
Servicios tTcnicos,Servicios técnicos
Servicios tUcnicos,Servicios técnicos
Indumentaria,Indumentaria
Servicios de alojamientos,Servicios de alojamientos
Servicios Educativos,Servicios Educativos
Servicios personales,Servicios personales
Servicios Profesionales,Servicios Profesionales
Servicios sociales,Servicios sociales
Venta al por menor,Venta al por menor
Venta de alimentos,Venta de alimentos
